time	exp	what	version	target	install_haxe	install_pref	os_win	os_mac	os_linux	os_mobile
2015-10-09 13:14:06	_use_	_app_desktop_,_game_,_lib_	_v3_2_	_cpp_,_neko_,_python_,_swf_	_official_	_package_	_no_win_	_no_mac_	_opensuse_	_no_mobile_
2015-10-09 13:15:19	_use_	_app_desktop_,_app_mobile_,_game_,_lib_,_web_back_	_v3_2_	_cpp_,_cs_,_java_,_js_	_official_	_official_	_win10_	_no_mac_	_no_linux_	_android_,_ios_
2015-10-09 13:16:48	_pro_main_	_app_desktop_,_app_mobile_,_hardware_,_lib_,_web_back_,_web_front_	_git_,_v3_2_	_cpp_,_interp_,_js_	_brew_,_thirdparty_	_package_	_no_win_	_mac1010_,_mac1011_	_no_linux_	_android_,_ios_
2015-10-09 13:26:22	_interested_	_app_desktop_,_app_mobile_,_game_	_v3_2_	_cpp_,_cs_	_official_	_official_	_win10_	_no_mac_	_no_linux_	_android_,_windows_
2015-10-09 13:54:30	_pro_occ_	_app_mobile_,_art_,_game_,_lib_,_web_front_	_v3_1_,_v3_2_	_cpp_,_js_	_brew_,_official_	_official_,_package_	_no_win_	_mac1010_	_ubuntu_	_no_mobile_
2015-10-09 13:55:06	_pro_main_	_app_desktop_,_app_mobile_,_lib_,_others_,_web_back_,_web_front_	_git_,_v3_2_	_cpp_,_interp_,_java_,_js_,_neko_	_official_,_source_	_package_,_source_	_no_win_	_mac1010_,_mac1011_	_arch_,_ubuntu_	_no_mobile_
2015-10-09 13:55:11	_pro_main_	_game_	_v3_2_	_cpp_,_cs_,_java_,_js_,_swf_	_official_	_official_	_win10_,_win7_	_no_mac_	_no_linux_	_android_,_ios_
2015-10-09 13:56:46	_pro_main_	_app_mobile_,_game_,_lib_	_v3_2_	_cpp_,_swf_	_linux_package_,_official_	_package_	_no_win_	_no_mac_	_ubuntu_	_no_mobile_
2015-10-09 14:00:06	_pro_occ_	_app_desktop_,_app_mobile_,_game_,_lib_,_web_front_	_v3_2_	_as3_,_cpp_,_js_,_swf_	_brew_,_official_	_package_	_win8_	_mac1011_	_no_linux_	_android_,_ios_,_windows_
2015-10-09 14:08:24	_pro_main_	_app_mobile_,_game_,_web_back_,_web_front_	_v3_2_	_cpp_,_js_,_neko_,_php_,_swf_	_thirdparty_	_official_,_package_,_source_	_no_win_	_no_mac_	_ubuntu_	_no_mobile_
2015-10-09 14:12:51	_pro_main_	_game_,_web_back_	_git_,_v3_2_	_cpp_,_cs_,_interp_,_js_,_neko_,_swf_	_official_,_source_	_package_	_win7_	_mac1010_	_debian_,_ubuntu_	_android_
2015-10-09 14:17:10	_pro_main_	_game_	_v3_2_	_js_,_neko_,_swf_	_official_	_official_	_win10_,_win7_	_no_mac_	_no_linux_	_android_,_ios_
2015-10-09 14:44:48	_interested_	_app_mobile_,_game_,_web_back_,_web_front_	_v3_2_	_as3_,_cpp_,_js_,_php_,_swf_	_official_	_official_	_win10_,_win8_	_no_mac_	_no_linux_	_android_,_ios_,_windows_
2015-10-09 14:49:04	_use_	_lib_	_git_,_v3_1_,_v3_2_	_cpp_,_js_,_neko_,_swf_	_official_	_official_	_win7_	_no_mac_	_no_linux_	_android_
2015-10-09 14:49:18	_use_	_app_desktop_,_app_mobile_,_art_,_game_,_hardware_,_lib_,_web_back_,_web_front_	_v3_2_	_cpp_,_js_,_neko_,_swf_	_official_	_official_	_win8_	_no_mac_	_no_linux_	_android_
2015-10-09 14:50:11	_pro_main_	_app_desktop_,_app_mobile_,_lib_	_v3_2_	_cpp_,_js_,_neko_,_swf_	_official_	_official_,_package_	_win10_,_win7_,_win8_,_winxp_	_mac1008_,_mac1009_,_mac1010_,_mac1011_	_debian_,_fedora_,_redhat_,_solaris_,_ubuntu_	_no_mobile_
2015-10-09 14:50:20	_pro_occ_	_web_back_,_web_front_	_v3_2_	_js_,_neko_,_php_	_official_	_package_	_win10_,_win8_	_mac1010_	_ubuntu_	_no_mobile_
2015-10-09 14:53:19	_pro_main_	_app_desktop_,_app_mobile_,_web_back_,_web_front_	_v3_2_	_cpp_,_js_,_php_,_swf_	_official_	_official_	_win10_,_win7_	_no_mac_	_no_linux_	_android_,_ios_
2015-10-09 14:54:03	_pro_occ_	_app_desktop_,_web_back_,_web_front_	_v3_2_	_cpp_,_cs_,_java_,_js_,_neko_	_choco_,_linux_package_,_official_	_official_,_package_	_win7_,_win8_	_mac1009_	_ubuntu_	_android_
2015-10-09 14:54:53	_use_	_app_desktop_,_app_mobile_,_game_	_v3_2_	_cpp_,_js_,_neko_,_swf_	_official_	_official_	_win10_,_win8_	_no_mac_	_no_linux_	_no_mobile_
2015-10-09 14:55:37	_pro_occ_	_app_mobile_,_game_	_git_,_v3_2_	_cpp_,_js_,_neko_	_source_	_package_,_source_	_no_win_	_no_mac_	_arch_	_no_mobile_
2015-10-09 14:59:52	_pro_main_	_app_desktop_,_app_mobile_,_game_,_lib_,_others_,_web_back_,_web_front_	_v3_2_	_cpp_,_java_,_js_,_neko_,_swf_	_official_,_source_	_official_,_source_	_win10_,_win7_	_mac1008_	_arch_,_freebsd_,_ubuntu_	_android_,_ios_,_windows_
2015-10-09 15:11:50	_pro_occ_	_app_desktop_,_game_,_lib_,_web_back_	_v3_1_,_v3_2_	_cpp_,_js_,_neko_	_official_,_thirdparty_	_official_,_package_,_preinstall_	_win7_,_win8_	_no_mac_	_no_linux_	_no_mobile_
2015-10-09 15:21:59	_pro_main_	_app_desktop_,_app_mobile_,_art_,_game_,_lib_,_web_back_,_web_front_	_git_,_v3_2_	_cpp_,_js_,_neko_,_php_	_official_,_source_	_package_,_source_	_no_win_	_no_mac_	_debian_	_android_,_firefox_
2015-10-09 15:22:22	_pro_occ_	_app_desktop_,_app_mobile_,_art_,_hardware_,_web_back_,_web_front_	_v3_2_	_as3_,_js_,_neko_,_php_,_swf_	_official_	_official_,_package_	_no_win_	_mac1010_,_mac1011_	_no_linux_	_android_,_ios_
2015-10-09 15:22:50	_pro_main_	_game_	_git_	_interp_,_js_,_swf_	_source_	_official_	_win7_	_no_mac_	_ubuntu_	_no_mobile_
2015-10-09 15:24:24	_pro_main_	_app_desktop_,_app_mobile_,_game_,_lib_,_web_back_,_web_front_	_v3_2_	_cpp_,_java_,_js_,_neko_,_php_	_linux_package_,_official_	_package_	_win7_	_mac1010_	_mint_,_ubuntu_	_android_,_ios_
2015-10-09 15:30:12	_pro_occ_	_app_desktop_,_app_mobile_,_others_	_v3_2_	_cs_,_js_	_official_	_official_,_package_	_win10_	_no_mac_	_no_linux_	_android_,_ios_
2015-10-09 15:30:55	_pro_main_	_lib_,_web_front_	_v3_1_,_v3_2_	_js_	_others_	_package_	_win7_	_no_mac_	_ubuntu_	_no_mobile_
2015-10-09 15:48:48	_use_	_hardware_,_lib_,_web_back_,_web_front_	_v3_2_	_cpp_,_cs_,_js_,_neko_	_official_,_thirdparty_	_official_	_win10_,_win7_	_no_mac_	_ubuntu_	_android_
2015-10-09 15:55:48	_pro_occ_	_app_mobile_,_game_,_lib_	_v3_2_	_cpp_,_cs_,_java_,_js_,_php_,_swf_	_official_	_official_	_win10_,_win7_,_win8_	_mac1010_,_mac1011_	_no_linux_	_android_,_ios_
2015-10-09 16:06:55	_pro_main_	_app_desktop_,_app_mobile_,_game_,_lib_	_v3_2_	_cpp_,_cs_,_java_,_js_	_official_,_thirdparty_	_official_,_source_	_win10_	_mac1011_	_no_linux_	_android_,_ios_,_windows_
2015-10-09 16:09:00	_pro_occ_	_app_desktop_,_app_mobile_,_hardware_,_lib_,_web_back_,_web_front_	_git_,_v3_2_	_cpp_,_cs_,_java_,_js_,_neko_,_python_	_official_	_others_	_win7_	_no_mac_	_ubuntu_	_android_,_ios_,_windows_
2015-10-09 16:14:21	_use_	_app_desktop_,_game_,_web_back_,_web_front_	_v3_2_	_cpp_,_js_,_php_	_official_	_official_,_package_	_win8_	_no_mac_	_no_linux_	_no_mobile_
2015-10-09 16:15:46	_pro_occ_	_app_desktop_,_app_mobile_,_lib_,_web_front_	_v3_1_,_v3_2_	_as3_,_js_,_swf_	_official_	_official_,_source_	_others_,_win10_,_win7_	_no_mac_	_no_linux_	_android_,_ios_
2015-10-09 16:25:14	_pro_main_	_web_front_	_v3_2_	_as3_,_js_,_swf_	_official_	_official_	_win10_,_win7_	_no_mac_	_ubuntu_	_no_mobile_
2015-10-09 16:32:56	_interested_	_app_mobile_,_web_back_,_web_front_	_not_sure_	_js_,_php_	_official_	_official_,_package_	_no_win_	_mac1009_	_debian_	_android_,_ios_
2015-10-09 16:33:35	_interested_	_app_mobile_,_game_	_git_,_not_sure_	_js_,_swf_	_official_	_official_	_win7_	_mac1009_,_mac1011_	_no_linux_	_ios_
2015-10-09 16:35:11	_interested_	_app_desktop_,_app_mobile_,_art_,_web_back_,_web_front_	_v3_2_	_as3_,_java_,_js_,_swf_	_choco_,_official_	_package_,_source_	_win10_,_win7_	_no_mac_	_ubuntu_	_android_
2015-10-09 16:35:41	_pro_main_	_app_desktop_,_app_mobile_,_game_,_lib_	_v3_2_	_cpp_,_java_,_neko_,_swf_	_official_	_official_	_win7_	_no_mac_	_no_linux_	_android_
2015-10-09 17:18:47	_use_	_app_desktop_,_app_mobile_,_art_,_game_	_v3_2_	_cpp_,_cs_,_java_,_js_,_neko_,_swf_	_official_	_official_	_win7_,_win8_	_mac1009_	_no_linux_	_android_,_ios_,_windows_
2015-10-09 17:30:50	_use_	_game_	_v3_2_	_cpp_,_js_,_neko_	_official_	_package_	_win8_	_mac1010_	_ubuntu_	_no_mobile_
2015-10-09 17:34:46	_use_	_game_,_lib_,_web_back_,_web_front_	_v3_2_	_cpp_,_js_	_brew_,_official_	_package_	_no_win_	_mac1010_,_mac1011_	_no_linux_	_android_,_ios_
2015-10-09 17:42:21	_pro_occ_	_game_,_web_back_,_web_front_	_v3_2_	_cpp_,_js_,_php_,_swf_	_official_	_official_	_win7_	_no_mac_	_no_linux_	_no_mobile_
2015-10-09 17:43:09	_use_	_app_desktop_,_app_mobile_,_lib_,_web_back_,_web_front_	_v3_2_	_cpp_,_java_,_js_	_brew_	_official_,_package_	_no_win_	_mac1011_	_no_linux_	_android_,_ios_
2015-10-09 17:46:36	_use_	_app_mobile_,_game_,_lib_	_git_,_v3_2_	_cpp_,_interp_,_neko_,_swf_	_official_,_source_	_official_	_win10_,_win8_	_mac1010_,_mac1011_	_no_linux_	_android_,_ios_
2015-10-09 17:47:41	_use_	_game_,_web_front_	_git_,_v3_2_	_cpp_,_cs_,_js_,_swf_	_official_,_source_	_official_,_package_,_source_	_win7_	_no_mac_	_arch_,_debian_,_gentoo_	_no_mobile_
2015-10-09 17:54:39	_pro_main_	_app_desktop_,_app_mobile_,_game_,_lib_	_git_,_v3_1_,_v3_2_	_cpp_,_js_,_neko_,_swf_	_official_,_source_	_official_	_win7_	_mac1008_	_opensuse_,_ubuntu_	_android_,_ios_,_windows_
2015-10-09 18:10:20	_pro_occ_	_app_mobile_,_game_	_v3_2_	_js_	_official_	_official_,_package_	_win7_	_no_mac_	_no_linux_	_android_,_ios_
2015-10-09 18:20:27	_pro_main_	_app_desktop_,_app_mobile_,_lib_,_others_	_git_,_v3_2_	_cpp_,_java_,_js_,_php_,_swf_	_official_	_official_,_package_	_no_win_	_mac1011_	_no_linux_	_no_mobile_
2015-10-09 18:44:24	_pro_main_	_game_	_v3_2_	_cpp_,_js_,_swf_	_official_	_official_	_win10_	_no_mac_	_debian_,_ubuntu_	_android_,_firefox_,_ios_,_windows_
2015-10-09 18:44:32	_pro_occ_	_app_desktop_,_app_mobile_,_art_,_game_	_v3_2_	_as3_,_cpp_,_cs_,_js_,_swf_	_official_,_source_	_official_,_package_,_preinstall_,_source_	_no_win_	_mac1011_	_no_linux_	_android_,_ios_,_windows_
2015-10-09 18:48:57	_interested_	_game_	_not_sure_,_v3_0_	_cs_,_js_,_neko_	_thirdparty_	_official_	_no_win_	_mac1010_	_ubuntu_	_android_,_ios_
2015-10-09 18:51:49	_use_	_app_desktop_,_app_mobile_,_game_	_v3_2_	_cpp_,_neko_	_official_,_thirdparty_	_official_	_win8_	_no_mac_	_arch_,_debian_,_ubuntu_	_android_,_ios_,_windows_
2015-10-09 18:53:32	_pro_main_	_game_	_v3_2_	_cpp_,_java_,_js_,_neko_,_swf_	_linux_package_,_official_,_thirdparty_	_official_,_package_	_winxp_	_mac1010_	_arch_,_ubuntu_	_android_,_firefox_,_ios_
2015-10-09 18:54:44	_pro_main_	_app_desktop_,_app_mobile_,_game_,_lib_	_v2_,_v3_1_,_v3_2_	_cpp_,_js_,_neko_,_swf_	_official_	_official_	_win7_	_mac1010_	_no_linux_	_android_,_windows_
2015-10-09 18:55:27	_use_	_art_,_game_,_lib_,_others_	_v3_2_	_cpp_,_neko_,_swf_	_official_	_official_	_win10_	_mac1010_	_no_linux_	_no_mobile_
2015-10-09 18:59:29	_pro_occ_	_app_desktop_,_app_mobile_,_lib_,_web_back_,_web_front_	_v3_2_	_cpp_,_js_,_neko_,_php_	_thirdparty_	_package_	_no_win_	_no_mac_	_debian_	_android_,_firefox_,_ios_
2015-10-09 19:00:55	_pro_main_	_app_mobile_,_game_	_v3_1_,_v3_2_	_cpp_,_java_,_neko_,_swf_	_official_	_official_	_win10_	_mac1008_,_mac1009_,_mac1010_,_mac1011_	_no_linux_	_android_,_ios_,_windows_
2015-10-09 19:18:33	_pro_main_	_app_desktop_,_app_mobile_,_lib_,_web_back_,_web_front_	_git_,_v3_2_	_cs_,_interp_,_java_,_js_,_neko_,_python_	_official_	_official_,_package_	_win10_,_win7_,_win8_	_no_mac_	_no_linux_	_no_mobile_
2015-10-09 19:21:54	_pro_occ_	_app_desktop_,_art_,_game_,_hardware_,_lib_	_v3_1_,_v3_2_	_as3_,_cpp_	_official_,_thirdparty_	_official_,_package_,_source_	_no_win_	_mac1010_,_mac1011_	_debian_,_ubuntu_	_no_mobile_
2015-10-09 19:23:58	_pro_main_	_app_desktop_,_app_mobile_,_game_,_lib_,_web_back_,_web_front_	_v3_2_	_cpp_,_interp_,_java_,_js_,_neko_,_php_	_binary_archive_	_official_,_package_	_no_win_	_others_	_debian_,_others_,_ubuntu_	_android_,_ios_,_windows_
2015-10-09 19:25:39	_pro_occ_	_game_	_v3_2_	_cpp_,_js_,_python_	_linux_package_	_package_	_no_win_	_no_mac_	_arch_	_android_
2015-10-09 19:26:33	_pro_occ_	_app_desktop_,_app_mobile_,_lib_	_v3_2_	_js_,_swf_	_official_,_thirdparty_	_official_	_win10_	_no_mac_	_no_linux_	_android_,_ios_,_windows_
2015-10-09 19:38:28	_pro_main_	_art_,_game_,_lib_,_web_back_,_web_front_	_v3_2_	_java_,_js_,_neko_,_php_,_swf_	_official_	_official_,_package_	_win10_,_win7_	_no_mac_	_debian_,_ubuntu_	_no_mobile_
2015-10-09 19:39:24	_interested_	_app_desktop_,_app_mobile_,_game_	_not_sure_	_as3_,_cpp_,_java_,_js_,_neko_,_swf_	_official_	_package_	_win7_	_no_mac_	_ubuntu_	_android_,_ios_
2015-10-09 19:39:33	_use_	_app_desktop_,_app_mobile_,_game_,_web_front_	_v3_2_	_as3_,_cpp_,_cs_,_js_,_neko_,_swf_	_thirdparty_	_official_	_win10_	_no_mac_	_no_linux_	_android_,_ios_
2015-10-09 19:41:18	_use_	_app_desktop_,_app_mobile_,_game_	_v3_2_	_as3_,_cpp_,_js_,_swf_	_official_	_official_,_source_	_win8_	_no_mac_	_no_linux_	_android_,_windows_
2015-10-09 19:44:05	_pro_occ_	_app_desktop_,_app_mobile_,_game_,_hardware_,_lib_,_web_back_,_web_front_	_git_,_v3_2_	_cpp_,_cs_,_java_,_js_,_neko_,_python_,_swf_	_official_	_official_,_package_,_source_	_win7_,_win8_	_mac1010_,_mac1011_	_mint_	_no_mobile_
2015-10-09 19:44:51	_interested_	_app_desktop_,_app_mobile_,_game_	_v3_2_	_cpp_,_java_,_js_	_official_	_official_,_package_	_win10_	_no_mac_	_no_linux_	_no_mobile_
2015-10-09 19:45:54	_use_	_game_	_v3_2_	_cpp_,_js_,_swf_	_official_,_thirdparty_	_package_	_win10_,_win7_	_no_mac_	_arch_	_android_
2015-10-09 19:52:44	_use_	_app_desktop_,_app_mobile_,_game_,_lib_,_not_sure_,_web_back_,_web_front_	_v3_1_,_v3_2_	_cpp_,_cs_,_interp_,_java_,_js_,_neko_,_php_,_python_	_official_	_official_,_package_	_win10_	_no_mac_	_arch_,_debian_,_elementary_,_fedora_,_opensuse_	_android_,_firefox_
2015-10-09 20:03:15	_pro_occ_	_app_desktop_,_app_mobile_,_game_	_v3_2_	_cpp_,_js_,_php_,_python_,_swf_	_official_	_official_	_win10_,_win8_	_no_mac_	_no_linux_	_no_mobile_
2015-10-09 20:07:06	_pro_main_	_app_desktop_,_app_mobile_,_game_,_hardware_,_lib_,_web_back_,_web_front_	_v3_2_	_cpp_,_js_,_neko_,_php_	_linux_package_	_package_	_no_win_	_no_mac_	_ubuntu_	_no_mobile_
2015-10-09 20:10:06	_use_	_app_mobile_,_game_	_v3_2_	_neko_,_swf_	_official_	_official_	_win10_,_win7_	_no_mac_	_no_linux_	_android_,_windows_
2015-10-09 20:12:05	_pro_main_	_app_desktop_,_app_mobile_,_art_,_game_,_lib_,_web_back_,_web_front_	_v3_2_	_cpp_,_java_,_js_,_neko_,_python_	_binary_archive_,_official_	_official_	_no_win_	_mac1010_,_mac1011_	_ubuntu_	_ios_,_no_mobile_
2015-10-09 20:12:57	_use_	_game_	_v3_2_	_cpp_,_cs_,_neko_,_swf_	_linux_package_,_official_,_thirdparty_	_official_,_package_	_win7_	_no_mac_	_mint_,_ubuntu_	_no_mobile_
2015-10-09 20:15:46	_pro_main_	_app_mobile_,_game_,_web_front_	_v3_1_	_js_,_swf_	_official_,_thirdparty_	_official_,_package_	_win8_	_no_mac_	_ubuntu_	_android_,_ios_,_windows_
2015-10-09 20:16:42	_pro_main_	_web_front_	_v3_2_	_js_	_official_	_official_	_win10_	_no_mac_	_no_linux_	_no_mobile_
2015-10-09 20:24:25	_use_	_app_desktop_,_app_mobile_,_game_	_v3_2_	_cpp_,_cs_,_swf_	_official_	_official_	_win7_	_no_mac_	_no_linux_	_android_,_windows_
2015-10-09 20:29:54	_use_	_game_	_v3_2_	_cpp_,_java_,_js_,_neko_,_swf_	_official_	_official_,_package_,_source_	_win10_,_win7_	_no_mac_	_ubuntu_	_android_
2015-10-09 20:31:55	_pro_main_	_app_mobile_,_game_,_web_back_,_web_front_	_v3_2_	_cpp_,_js_,_php_,_swf_	_official_	_official_,_package_	_no_win_	_mac1010_	_debian_	_android_,_ios_,_windows_
2015-10-09 20:33:00	_pro_main_	_app_mobile_,_others_	_v3_1_	_cpp_,_java_,_js_	_official_	_official_,_package_	_no_win_	_mac1010_,_mac1011_	_no_linux_	_android_,_ios_
2015-10-09 20:34:30	_pro_main_	_app_mobile_,_others_,_web_front_	_v3_1_	_js_	_thirdparty_	_package_	_no_win_	_mac1010_	_no_linux_	_android_,_ios_,_tizen_
2015-10-09 20:34:38	_interested_	_app_desktop_,_app_mobile_	_v3_2_	_js_	_official_	_official_	_win7_	_no_mac_	_no_linux_	_no_mobile_
2015-10-09 20:34:58	_pro_main_	_game_,_lib_	_git_	_cpp_,_cs_,_java_,_js_,_swf_	_source_	_source_	_win10_	_mac1011_	_ubuntu_	_no_mobile_
2015-10-09 20:35:04	_pro_main_	_game_,_lib_,_web_back_,_web_front_	_v3_2_	_cpp_,_js_,_neko_,_php_,_swf_	_source_	_package_	_no_win_	_no_mac_	_ubuntu_	_no_mobile_
2015-10-09 20:35:53	_pro_main_	_app_mobile_,_lib_,_others_,_web_front_	_v3_2_	_cpp_,_js_	_official_	_official_,_package_	_no_win_	_mac1010_,_mac1011_	_ubuntu_	_android_,_ios_
2015-10-09 20:36:56	_pro_main_	_game_,_others_,_web_front_	_v3_2_	_cpp_,_js_,_swf_	_official_	_package_	_no_win_	_mac1010_	_no_linux_	_no_mobile_
2015-10-09 20:38:31	_use_	_game_,_web_front_	_v3_0_	_js_	_official_	_official_,_package_	_win7_	_no_mac_	_ubuntu_	_no_mobile_
2015-10-09 20:38:58	_use_	_app_desktop_,_app_mobile_,_game_	_v3_2_	_cpp_,_cs_,_js_,_neko_	_official_	_official_,_package_	_win7_	_mac1010_	_elementary_,_ubuntu_	_no_mobile_
2015-10-09 20:43:27	_pro_main_	_app_mobile_,_game_,_hardware_,_web_back_,_web_front_	_v3_2_	_cpp_,_js_	_official_,_thirdparty_	_package_	_win8_	_no_mac_	_mint_	_android_,_ios_
2015-10-09 20:44:57	_interested_	_game_,_hardware_,_not_sure_,_web_back_,_web_front_	_v3_2_	_cpp_,_js_,_php_,_swf_	_official_	_official_	_win7_	_no_mac_	_no_linux_	_android_,_ios_
2015-10-09 20:52:22	_pro_main_	_app_desktop_,_app_mobile_,_game_,_web_front_	_v3_2_	_cpp_,_js_,_php_,_swf_	_official_	_official_,_package_	_win7_	_mac1010_,_mac1011_	_no_linux_	_no_mobile_
2015-10-09 20:52:24	_use_	_app_desktop_,_app_mobile_,_art_,_lib_	_v3_2_	_cpp_,_python_,_swf_	_official_	_official_,_package_	_win10_,_win8_	_no_mac_	_fedora_,_ubuntu_	_no_mobile_
2015-10-09 20:54:48	_pro_main_	_app_desktop_,_app_mobile_,_game_,_lib_,_web_back_,_web_front_	_git_,_v3_2_	_cpp_,_cs_,_java_,_js_,_neko_,_swf_	_linux_package_,_source_	_package_	_no_win_	_no_mac_	_ubuntu_	_android_,_ios_,_windows_
2015-10-09 20:55:54	_pro_occ_	_app_mobile_,_game_,_web_back_,_web_front_	_git_,_v2_,_v3_2_	_as3_,_cpp_,_js_,_neko_,_php_,_swf_	_linux_package_,_official_,_source_	_official_,_package_	_win7_,_win8_	_no_mac_	_arch_,_fedora_,_opensuse_,_ubuntu_	_android_
2015-10-09 21:10:21	_pro_main_	_game_	_v3_2_	_cpp_,_js_,_swf_	_official_	_official_	_win10_	_no_mac_	_no_linux_	_android_
2015-10-09 21:21:42	_pro_main_	_app_desktop_,_app_mobile_,_game_,_lib_,_web_back_,_web_front_	_git_,_v3_2_	_cpp_,_neko_	_source_	_source_	_win8_	_mac1010_,_mac1011_	_arch_,_debian_,_ubuntu_	_android_,_ios_
2015-10-09 21:25:43	_interested_	_app_mobile_,_web_front_	_not_sure_	_js_	_official_	_package_	_no_win_	_mac1008_	_ubuntu_	_no_mobile_
2015-10-09 21:33:47	_pro_main_	_game_,_lib_	_v3_2_	_as3_,_cpp_,_js_,_neko_,_swf_	_official_,_thirdparty_	_official_	_win7_	_others_	_ubuntu_	_no_mobile_
2015-10-09 21:52:33	_pro_main_	_app_desktop_,_app_mobile_,_game_,_lib_	_v3_2_	_java_,_js_,_neko_	_brew_,_official_	_package_	_win10_,_win8_	_mac1010_,_mac1011_	_no_linux_	_android_,_ios_,_windows_
2015-10-09 21:54:49	_pro_main_	_app_desktop_,_app_mobile_,_game_	_v3_2_	_cpp_,_js_	_official_	_official_	_win10_,_win8_	_mac1010_	_no_linux_	_android_,_ios_
2015-10-09 21:54:59	_pro_main_	_game_	_v3_2_	_js_	_official_	_package_,_source_	_no_win_	_mac1010_	_no_linux_	_no_mobile_
2015-10-09 21:55:28	_pro_main_	_app_mobile_,_game_,_lib_	_v3_2_	_js_,_neko_	_official_	_official_	_no_win_	_mac1010_	_no_linux_	_android_,_ios_
2015-10-09 22:00:54	_use_	_app_desktop_,_game_,_hardware_,_web_back_	_v3_1_,_v3_2_	_cpp_,_neko_,_swf_	_source_	_official_,_package_,_source_	_no_win_	_no_mac_	_debian_,_fedora_,_gentoo_,_opensuse_,_ubuntu_	_android_,_ios_
2015-10-09 22:05:08	_use_	_app_mobile_,_art_,_game_	_v3_2_	_cpp_,_js_,_neko_	_official_,_thirdparty_	_package_	_no_win_	_no_mac_	_fedora_,_mint_,_ubuntu_	_android_
2015-10-09 22:15:13	_pro_main_	_game_,_web_front_	_v3_2_	_js_	_brew_	_package_	_no_win_	_mac1010_	_no_linux_	_android_,_ios_
2015-10-09 22:22:48	_pro_main_	_app_desktop_,_app_mobile_,_lib_,_web_back_,_web_front_	_v3_2_	_java_,_js_,_php_	_linux_package_,_official_	_official_,_package_	_no_win_	_mac1010_,_mac1011_	_ubuntu_	_ios_
2015-10-09 22:25:37	_pro_main_	_app_mobile_,_web_back_,_web_front_	_v3_2_	_cpp_,_js_	_brew_,_official_	_package_	_no_win_	_mac1011_	_no_linux_	_android_,_ios_
2015-10-09 22:29:20	_use_	_game_,_web_back_,_web_front_	_git_,_v3_2_	_cpp_,_js_,_neko_	_official_	_official_	_win10_	_no_mac_	_no_linux_	_android_
2015-10-09 22:32:09	_pro_main_	_app_desktop_,_app_mobile_,_web_front_	_v3_2_	_cpp_,_js_	_official_	_official_	_win10_,_win7_	_no_mac_	_no_linux_	_ios_
2015-10-09 22:35:47	_use_	_app_desktop_,_app_mobile_,_game_,_lib_,_web_front_	_v3_0_,_v3_1_,_v3_2_	_cpp_,_js_,_neko_,_swf_	_official_	_official_,_package_	_win7_	_no_mac_	_no_linux_	_no_mobile_
2015-10-09 22:44:04	_pro_main_	_game_,_web_back_,_web_front_	_v3_2_	_cpp_,_js_,_neko_,_php_,_swf_	_official_	_official_,_package_	_win10_,_win8_	_no_mac_	_no_linux_	_android_,_ios_
2015-10-09 22:46:58	_pro_main_	_app_desktop_,_app_mobile_,_web_back_,_web_front_	_v3_2_	_cs_,_js_,_neko_	_official_	_package_	_win8_	_mac1011_	_ubuntu_	_android_,_ios_,_windows_
2015-10-09 23:01:28	_pro_occ_	_app_mobile_,_game_,_web_front_	_v3_2_	_cpp_,_cs_,_js_,_php_,_swf_	_official_	_official_,_package_	_no_win_	_mac1010_	_no_linux_	_android_
2015-10-09 23:23:13	_pro_main_	_game_	_v3_2_	_js_,_swf_	_official_,_thirdparty_	_official_,_package_	_win8_	_mac1010_	_no_linux_	_no_mobile_
2015-10-09 23:40:52	_pro_main_	_lib_,_web_back_,_web_front_	_v3_2_	_js_	_official_	_package_	_no_win_	_mac1011_	_no_linux_	_no_mobile_
2015-10-09 23:50:12	_pro_main_	_app_mobile_,_game_,_lib_	_v3_2_	_cpp_,_js_,_neko_,_swf_	_official_	_source_	_win10_	_mac1010_	_ubuntu_	_android_,_ios_
2015-10-10 00:02:25	_pro_main_	_app_mobile_,_lib_,_web_front_	_v2_,_v3_2_	_js_,_swf_	_official_	_official_	_win10_,_win7_,_win8_,_winxp_	_mac1010_,_mac1011_	_no_linux_	_no_mobile_
2015-10-10 00:03:44	_use_	_app_desktop_,_app_mobile_,_game_,_hardware_,_lib_,_web_back_,_web_front_	_v3_2_	_as3_,_java_,_js_,_php_,_swf_	_official_	_official_	_win10_,_win8_	_no_mac_	_no_linux_	_android_,_ios_
2015-10-10 00:25:04	_pro_main_	_game_,_lib_	_v3_2_	_cpp_,_js_,_neko_,_swf_	_official_,_source_,_thirdparty_	_official_,_package_	_win7_	_no_mac_	_fedora_,_ubuntu_	_no_mobile_
2015-10-10 00:31:43	_use_	_game_	_v3_2_	_js_	_official_	_package_	_win10_	_no_mac_	_no_linux_	_no_mobile_
2015-10-10 00:45:43	_pro_occ_	_app_mobile_,_game_,_web_back_	_v3_2_	_cpp_,_cs_,_java_,_js_,_php_,_swf_	_official_	_official_,_package_	_win7_	_no_mac_	_ubuntu_	_android_
2015-10-10 00:51:54	_pro_occ_	_game_	_v3_1_,_v3_2_	_cpp_,_js_,_swf_	_official_	_official_,_package_	_win10_	_mac1011_	_no_linux_	_no_mobile_
2015-10-10 00:52:12	_pro_main_	_app_desktop_,_app_mobile_	_v3_2_	_cpp_	_official_	_official_	_win8_	_mac1010_	_no_linux_	_no_mobile_
2015-10-10 01:00:01	_interested_	_app_desktop_,_app_mobile_,_lib_,_web_back_,_web_front_	_v3_2_	_cpp_,_js_	_not_sure_	_package_,_source_	_no_win_	_mac1011_	_ubuntu_	_android_,_ios_
2015-10-10 01:17:59	_pro_main_	_game_	_v3_2_	_cs_,_js_	_source_	_official_,_source_	_win10_,_win8_	_mac1010_,_mac1011_	_arch_,_ubuntu_	_android_
2015-10-10 01:36:47	_pro_main_	_app_desktop_,_app_mobile_,_hardware_,_lib_,_web_back_,_web_front_	_v3_1_,_v3_2_	_cpp_,_java_,_js_,_php_	_official_	_package_	_no_win_	_mac1010_	_ubuntu_	_android_,_ios_,_windows_
2015-10-10 01:42:01	_use_	_game_,_lib_	_v3_2_	_cpp_,_cs_,_java_,_js_,_neko_,_python_,_swf_	_official_	_official_,_package_	_win7_	_no_mac_	_no_linux_	_no_mobile_
2015-10-10 01:53:04	_pro_occ_	_app_desktop_	_v3_0_,_v3_2_	_cpp_	_official_	_official_	_win7_	_no_mac_	_no_linux_	_no_mobile_
2015-10-10 02:01:44	_use_	_game_,_lib_	_v3_2_	_cpp_,_cs_,_js_,_php_	_linux_package_	_package_	_no_win_	_no_mac_	_debian_	_no_mobile_
2015-10-10 02:11:59	_pro_main_	_app_desktop_,_app_mobile_,_game_,_lib_,_web_back_,_web_front_	_v3_2_	_js_,_neko_	_brew_,_official_	_official_,_package_	_no_win_	_mac1010_,_mac1011_	_debian_,_ubuntu_	_android_,_ios_,_windows_
2015-10-10 02:39:32	_use_	_app_desktop_,_app_mobile_,_lib_,_web_back_,_web_front_	_git_,_v3_2_	_cpp_,_cs_,_java_,_js_,_neko_,_php_	_official_	_official_,_package_	_win10_,_win7_	_no_mac_	_ubuntu_	_android_,_firefox_,_ios_,_windows_
2015-10-10 03:25:53	_use_	_app_mobile_,_game_	_v3_2_	_cpp_,_js_	_official_	_official_,_package_	_no_win_	_mac1009_,_mac1010_	_no_linux_	_ios_,_no_mobile_
2015-10-10 04:44:45	_use_	_game_	_v3_2_	_cpp_,_swf_	_official_	_package_	_win10_	_mac1008_	_ubuntu_	_android_,_ios_,_windows_
2015-10-10 04:44:46	_use_	_game_,_web_back_,_web_front_	_v3_2_	_as3_,_swf_	_official_	_package_	_no_win_,_win10_	_mac1011_	_ubuntu_	_no_mobile_
2015-10-10 04:55:14	_pro_main_	_web_back_	_v2_	_php_	_official_	_official_	_win10_	_mac1011_	_no_linux_	_no_mobile_
2015-10-10 04:56:34	_pro_main_	_app_desktop_,_app_mobile_,_art_,_game_,_hardware_,_lib_,_web_back_,_web_front_	_v3_0_,_v3_1_,_v3_2_	_cpp_,_js_	_official_,_source_	_official_,_package_,_source_	_win7_	_mac1010_	_fedora_,_opensuse_,_ubuntu_	_android_,_ios_
2015-10-10 05:11:43	_use_	_app_mobile_,_web_back_,_web_front_	_v3_2_	_cpp_,_js_,_neko_,_python_	_brew_,_source_	_package_	_no_win_	_mac1010_,_mac1011_	_ubuntu_	_android_,_ios_
2015-10-10 06:10:34	_use_	_app_desktop_,_app_mobile_,_lib_,_web_back_,_web_front_	_v3_2_	_java_,_php_,_python_	_linux_package_,_source_	_package_	_no_win_	_no_mac_	_debian_,_freebsd_,_gentoo_	_android_
2015-10-10 06:11:00	_pro_main_	_app_desktop_,_app_mobile_,_art_,_lib_,_web_front_	_v3_2_	_as3_,_js_,_neko_,_php_,_swf_	_official_	_official_	_win10_,_win8_	_no_mac_	_ubuntu_	_android_
2015-10-10 07:10:31	_pro_main_	_game_	_v3_2_	_js_	_official_	_official_	_win7_	_no_mac_	_no_linux_	_android_,_ios_
2015-10-10 09:06:25	_pro_occ_	_app_desktop_,_game_,_lib_	_v3_2_	_cpp_,_js_,_neko_,_swf_	_official_	_official_,_package_	_win7_	_mac1010_	_ubuntu_	_android_,_ios_,_windows_
2015-10-10 09:43:11	_pro_main_	_app_desktop_,_app_mobile_,_web_front_	_v3_2_	_cpp_,_js_,_python_,_swf_	_thirdparty_	_official_	_win7_	_no_mac_	_no_linux_	_no_mobile_
2015-10-10 12:33:18	_pro_main_	_app_mobile_,_others_,_web_back_,_web_front_	_git_,_v3_2_	_cpp_,_interp_,_java_,_php_,_python_	_choco_,_linux_package_	_package_	_no_win_	_no_mac_	_debian_,_fedora_,_redhat_,_ubuntu_	_android_
2015-10-10 12:52:58	_pro_main_	_app_desktop_,_app_mobile_,_game_,_lib_,_web_back_,_web_front_	_git_,_v3_2_	_cpp_,_cs_,_interp_,_java_,_js_,_neko_	_source_	_package_	_no_win_	_no_mac_	_arch_,_debian_,_ubuntu_	_android_
2015-10-10 13:21:41	_pro_main_	_app_mobile_,_game_,_lib_,_web_back_,_web_front_	_v3_2_	_js_,_neko_,_php_,_swf_	_official_	_official_	_win7_	_no_mac_	_debian_	_android_
2015-10-10 13:52:08	_pro_main_	_app_mobile_,_game_,_web_back_	_v3_2_	_js_,_php_,_swf_	_official_	_official_	_win10_,_win8_	_no_mac_	_no_linux_	_no_mobile_
2015-10-10 15:31:28	_interested_	_app_mobile_,_others_	_v3_1_	_cpp_,_java_	_official_	_official_	_no_win_	_mac1009_	_no_linux_	_no_mobile_
2015-10-10 15:49:02	_use_	_game_	_v3_2_	_cpp_,_swf_	_official_	_official_,_others_	_win8_	_no_mac_	_no_linux_	_no_mobile_
2015-10-10 16:50:22	_pro_occ_	_art_,_game_	_git_,_v3_0_,_v3_1_,_v3_2_	_cpp_,_interp_,_js_	_brew_,_official_	_package_,_source_	_no_win_	_mac1008_,_mac1009_,_mac1010_,_mac1011_	_no_linux_	_no_mobile_
2015-10-10 16:56:25	_pro_main_	_game_	_v3_2_	_cpp_,_java_,_js_,_neko_,_python_	_official_,_preinstall_	_official_,_package_	_no_win_	_mac1010_,_mac1011_	_no_linux_	_no_mobile_
2015-10-10 17:52:09	_interested_	_app_mobile_,_game_,_web_back_,_web_front_	_v3_2_	_cpp_,_js_,_php_,_python_	_official_	_official_,_package_	_no_win_	_no_mac_	_arch_,_mint_	_android_,_ios_
2015-10-10 18:05:02	_use_	_game_,_lib_	_v3_2_	_cpp_,_cs_,_java_,_js_,_neko_,_swf_	_thirdparty_	_official_	_win7_	_no_mac_	_no_linux_	_android_,_ios_,_windows_
2015-10-10 19:03:05	_use_	_app_desktop_,_app_mobile_,_lib_,_web_back_,_web_front_	_v3_2_	_cpp_,_interp_,_js_,_neko_,_php_,_python_	_official_	_official_,_package_	_no_win_	_mac1010_,_mac1011_	_no_linux_,_ubuntu_	_ios_,_no_mobile_
2015-10-10 19:41:44	_use_	_game_	_v3_0_,_v3_1_	_as3_,_cpp_,_neko_,_swf_	_official_	_official_	_win7_	_no_mac_	_no_linux_	_no_mobile_
2015-10-10 20:13:40	_pro_occ_	_lib_,_web_back_,_web_front_	_v3_0_,_v3_1_	_js_,_php_	_brew_	_official_,_package_	_no_win_,_others_	_mac1010_,_mac1011_	_mint_,_ubuntu_	_no_mobile_
2015-10-10 20:19:42	_use_	_app_desktop_,_app_mobile_,_game_,_web_back_,_web_front_	_v3_1_,_v3_2_	_cpp_,_js_	_official_	_package_	_win10_,_win8_	_mac1010_,_mac1011_	_no_linux_	_no_mobile_
2015-10-10 20:28:09	_use_	_app_mobile_,_game_,_lib_,_web_back_,_web_front_	_v3_2_	_cpp_,_js_,_neko_,_php_,_swf_	_choco_,_official_	_official_,_package_	_win10_,_win7_	_no_mac_	_no_linux_	_no_mobile_
2015-10-10 20:34:17	_pro_main_	_app_mobile_,_lib_,_web_front_	_v2_,_v3_1_,_v3_2_	_interp_,_js_,_neko_	_choco_,_official_	_official_,_package_	_win10_,_win7_,_win8_	_mac1009_,_mac1010_,_mac1011_	_ubuntu_	_no_mobile_
2015-10-10 20:55:31	_use_	_app_desktop_,_app_mobile_,_art_,_hardware_,_lib_,_web_back_,_web_front_	_v3_2_	_cpp_,_java_,_js_,_php_,_swf_	_official_	_official_	_win10_,_win7_	_no_mac_	_no_linux_	_no_mobile_
2015-10-10 21:01:36	_use_	_app_desktop_,_app_mobile_,_art_,_game_,_lib_	_v3_2_	_cpp_,_js_	_official_	_official_,_package_	_no_win_	_mac1010_	_no_linux_	_android_
2015-10-10 21:04:43	_use_	_game_,_web_back_,_web_front_	_git_,_v3_2_	_cpp_,_js_,_neko_	_official_	_official_,_package_	_win7_	_mac1010_	_no_linux_	_no_mobile_
2015-10-10 21:12:09	_pro_main_	_game_,_lib_	_v3_2_	_cpp_,_java_,_js_,_neko_,_python_,_swf_	_official_	_official_,_package_,_source_	_win10_,_win7_	_mac1011_	_ubuntu_	_android_,_ios_
2015-10-10 21:32:19	_pro_main_	_game_	_v3_2_	_cpp_,_cs_,_java_,_js_,_neko_,_python_	_official_	_official_	_win10_	_mac1010_,_mac1011_	_no_linux_	_no_mobile_
2015-10-10 21:34:40	_pro_main_	_app_mobile_,_lib_,_web_front_	_v3_2_	_cpp_,_js_,_neko_,_php_,_swf_	_official_	_official_	_win7_	_mac1011_	_no_linux_	_android_,_ios_,_windows_
2015-10-10 22:07:19	_interested_	_game_	_v3_2_	_as3_,_cpp_,_swf_	_official_	_official_	_win7_	_no_mac_	_mint_	_android_,_ios_
2015-10-10 22:21:01	_pro_occ_	_app_desktop_,_app_mobile_,_game_,_lib_	_git_,_v3_2_	_cpp_,_js_,_neko_,_swf_	_brew_,_official_,_source_	_official_,_package_	_no_win_	_mac1011_	_no_linux_	_android_,_ios_
2015-10-10 23:07:33	_use_	_app_desktop_,_game_,_lib_	_v3_2_	_cpp_,_js_,_swf_	_official_	_official_	_win7_	_no_mac_	_no_linux_	_no_mobile_
2015-10-10 23:13:30	_use_	_not_sure_	_v3_2_	_js_,_swf_	_official_	_official_	_no_win_	_mac1010_	_ubuntu_	_android_,_ios_
2015-10-10 23:27:26	_use_	_lib_,_web_front_	_git_,_v3_2_	_js_	_official_,_source_	_official_	_no_win_	_mac1010_,_mac1011_	_no_linux_	_no_mobile_
2015-10-11 00:48:49	_use_	_app_mobile_,_game_,_web_front_	_v3_2_	_js_,_swf_	_official_	_official_	_win7_	_no_mac_	_no_linux_	_no_mobile_
2015-10-11 01:11:50	_pro_main_	_app_desktop_,_app_mobile_,_lib_,_web_back_,_web_front_	_git_	_cpp_,_js_,_neko_,_php_,_swf_	_source_	_package_,_source_	_no_win_	_mac1010_	_elementary_,_mint_,_ubuntu_	_no_mobile_
2015-10-11 01:49:20	_pro_occ_	_app_desktop_,_app_mobile_,_art_,_web_back_,_web_front_	_v3_2_	_cpp_,_cs_,_js_,_swf_	_official_,_thirdparty_	_official_,_package_	_win7_	_no_mac_	_mint_	_android_,_ios_
2015-10-11 02:03:53	_use_	_app_desktop_,_app_mobile_,_lib_,_web_back_,_web_front_	_v3_2_	_cpp_,_js_,_neko_,_php_	_official_	_official_	_win7_	_no_mac_	_others_	_android_,_ios_,_windows_
2015-10-11 02:28:48	_use_	_game_	_git_,_v3_2_	_cpp_,_js_,_swf_	_official_	_official_	_win10_	_no_mac_	_no_linux_	_no_mobile_
2015-10-11 03:29:47	_pro_main_	_art_,_lib_,_web_back_,_web_front_	_v3_2_	_interp_,_js_,_neko_,_python_	_source_	_package_	_no_win_	_no_mac_	_ubuntu_	_android_,_firefox_,_ios_,_tizen_,_windows_
2015-10-11 03:32:30	_use_	_game_	_v3_2_	_cpp_,_swf_	_official_	_official_	_win7_,_win8_	_no_mac_	_no_linux_	_no_mobile_
2015-10-11 03:51:59	_use_	_app_desktop_,_app_mobile_,_game_,_lib_	_v3_2_	_cpp_,_java_,_js_,_neko_	_official_	_official_	_win10_	_no_mac_	_no_linux_	_android_,_ios_
2015-10-11 04:13:39	_pro_main_	_game_	_v3_2_	_cpp_,_js_,_swf_	_official_	_official_	_win10_	_mac1011_	_no_linux_	_no_mobile_
2015-10-11 04:22:15	_pro_occ_	_app_desktop_,_app_mobile_,_art_,_game_,_web_front_	_v3_2_	_cpp_,_cs_,_js_	_official_	_official_,_package_	_win10_	_mac1010_	_debian_,_ubuntu_	_no_mobile_
2015-10-11 04:27:29	_use_	_app_desktop_,_app_mobile_,_art_,_game_,_lib_	_v3_2_	_cpp_,_js_,_neko_	_thirdparty_	_official_,_package_	_no_win_	_no_mac_	_ubuntu_	_no_mobile_
2015-10-11 04:42:35	_pro_occ_	_art_,_game_,_lib_	_v3_2_	_cpp_,_js_,_swf_	_official_	_official_,_preinstall_	_win10_,_win8_	_mac1010_,_mac1011_	_debian_,_fedora_	_no_mobile_
2015-10-11 05:32:20	_pro_main_	_app_mobile_,_game_	_v3_1_,_v3_2_	_cpp_,_js_,_swf_	_official_,_thirdparty_	_package_	_no_win_	_no_mac_	_ubuntu_	_android_
2015-10-11 05:51:09	_use_	_app_desktop_,_app_mobile_,_game_,_lib_	_v3_1_,_v3_2_	_as3_,_cpp_,_cs_,_interp_,_java_,_js_,_neko_,_php_,_python_,_swf_	_brew_,_official_	_package_	_win8_	_mac1011_	_ubuntu_	_android_,_ios_
2015-10-11 05:58:52	_pro_main_	_game_	_v3_1_,_v3_2_	_cpp_,_cs_,_js_,_neko_,_swf_	_official_	_official_,_package_	_win7_,_win8_	_no_mac_	_no_linux_	_no_mobile_
2015-10-11 06:22:41	_use_	_app_desktop_,_app_mobile_,_game_	_v3_2_	_cpp_,_js_	_official_	_official_,_package_	_no_win_	_no_mac_	_debian_,_ubuntu_	_no_mobile_
2015-10-11 06:24:30	_interested_	_app_desktop_,_app_mobile_	_v3_2_	_cpp_,_java_,_swf_	_thirdparty_	_official_,_package_	_no_win_	_mac1011_	_no_linux_	_android_,_ios_
2015-10-11 06:40:54	_pro_main_	_game_	_v3_0_,_v3_1_,_v3_2_	_cpp_,_js_,_neko_	_official_	_official_	_win10_	_mac1010_	_no_linux_	_android_,_ios_
2015-10-11 06:45:05	_use_	_app_desktop_,_app_mobile_,_web_back_,_web_front_	_v3_1_	_neko_,_php_,_swf_	_official_,_source_	_official_,_package_	_no_win_	_no_mac_	_debian_,_ubuntu_	_no_mobile_
2015-10-11 12:21:36	_pro_main_	_app_desktop_,_app_mobile_,_art_,_game_,_lib_	_v3_2_	_cpp_,_cs_,_java_,_js_	_brew_,_official_	_official_	_win10_	_mac1010_,_mac1011_	_ubuntu_	_android_,_ios_
2015-10-11 14:40:14	_use_	_app_desktop_,_app_mobile_,_game_	_v3_2_	_cpp_	_official_	_package_,_source_	_win10_	_no_mac_	_freebsd_,_others_	_android_,_ios_
2015-10-11 15:21:48	_pro_main_	_game_,_lib_	_v3_2_	_cpp_,_cs_,_java_,_js_,_python_	_official_	_official_,_package_	_win8_	_mac1010_,_mac1011_	_ubuntu_	_android_,_ios_,_windows_
2015-10-11 18:40:12	_pro_main_	_web_front_	_v3_2_	_as3_,_swf_	_official_	_official_	_win10_,_win8_	_no_mac_	_no_linux_	_android_,_ios_,_windows_
2015-10-11 20:11:35	_use_	_game_,_lib_,_web_back_	_v3_0_,_v3_1_,_v3_2_	_js_,_neko_,_swf_	_source_,_thirdparty_	_official_,_package_	_no_win_	_no_mac_	_arch_,_ubuntu_	_android_,_firefox_
2015-10-11 22:53:12	_use_	_app_mobile_,_game_,_others_	_v3_1_	_neko_,_swf_	_thirdparty_	_official_	_win8_	_no_mac_	_no_linux_	_android_
2015-10-11 23:14:55	_use_	_app_desktop_,_game_,_lib_	_git_	_cpp_,_cs_,_interp_,_js_,_neko_	_official_	_package_	_win10_	_no_mac_	_no_linux_	_no_mobile_
2015-10-12 00:31:45	_use_	_app_desktop_,_app_mobile_,_hardware_,_lib_,_web_back_,_web_front_	_v3_2_	_cpp_,_cs_,_interp_,_java_,_js_,_neko_,_php_,_python_,_swf_	_official_	_package_	_win8_	_no_mac_	_fedora_,_mint_,_opensuse_,_ubuntu_	_android_
2015-10-12 00:33:43	_use_	_app_desktop_,_game_	_v3_2_	_cpp_,_neko_	_thirdparty_	_package_	_win8_	_no_mac_	_ubuntu_	_android_,_ios_
2015-10-12 00:41:24	_use_	_app_mobile_,_game_,_lib_	_v3_2_	_cpp_,_js_,_neko_	_official_	_official_	_win8_	_mac1008_	_ubuntu_	_no_mobile_
2015-10-12 00:48:18	_pro_main_	_app_desktop_,_app_mobile_,_game_,_web_front_	_v3_2_	_js_,_swf_	_official_	_official_	_win7_	_no_mac_	_no_linux_	_no_mobile_
2015-10-12 00:58:21	_pro_occ_	_lib_,_web_front_	_v3_2_	_js_,_php_,_swf_	_official_	_official_	_no_win_	_mac1010_	_no_linux_	_android_,_ios_
2015-10-12 01:08:16	_use_	_app_desktop_,_app_mobile_,_game_,_web_front_	_v3_2_	_js_,_swf_	_official_	_official_,_package_	_win7_,_win8_	_mac1011_	_ubuntu_	_android_,_ios_
2015-10-12 01:14:40	_interested_	_game_,_web_back_,_web_front_	_v3_2_	_cpp_,_cs_,_js_,_swf_	_brew_,_official_	_package_,_source_	_win10_	_mac1010_,_mac1011_	_debian_,_ubuntu_	_android_,_ios_
2015-10-12 01:14:49	_use_	_app_desktop_,_game_	_v3_2_	_cpp_,_java_,_js_	_official_,_thirdparty_	_official_,_package_	_win8_	_mac1010_,_mac1011_,_no_mac_	_others_,_ubuntu_	_android_,_ios_
2015-10-12 01:22:18	_pro_occ_	_app_desktop_,_app_mobile_,_lib_	_git_,_v3_1_,_v3_2_	_cpp_,_neko_	_official_,_source_	_official_,_package_	_win7_,_win8_	_mac1009_	_debian_,_mint_	_android_,_ios_
2015-10-12 01:39:36	_use_	_app_desktop_,_art_,_game_,_lib_	_v3_2_	_cpp_,_neko_,_swf_	_official_	_official_	_win10_,_win7_	_no_mac_	_no_linux_	_no_mobile_
2015-10-12 01:39:55	_pro_main_	_game_,_lib_,_web_back_	_v3_2_	_cpp_,_php_,_swf_	_official_,_thirdparty_	_official_,_package_	_win8_	_mac1010_,_mac1011_	_mint_	_no_mobile_
2015-10-12 01:43:05	_use_	_app_desktop_,_app_mobile_,_game_,_lib_	_v3_2_	_cpp_	_official_	_package_	_win10_	_no_mac_	_arch_,_fedora_,_ubuntu_	_android_,_ios_
2015-10-12 01:48:15	_use_	_lib_	_git_,_v3_2_	_java_,_js_,_swf_	_official_	_official_	_win7_	_no_mac_	_no_linux_	_no_mobile_
2015-10-12 01:53:29	_use_	_game_	_v3_2_	_cpp_,_cs_,_neko_	_official_,_source_,_thirdparty_	_official_,_package_,_source_	_no_win_	_no_mac_	_arch_,_debian_	_no_mobile_
2015-10-12 01:54:48	_use_	_app_desktop_,_app_mobile_,_game_,_web_back_,_web_front_	_v3_2_	_cpp_,_interp_,_js_,_neko_	_official_	_official_	_win10_	_mac1010_,_mac1011_	_no_linux_	_android_
2015-10-12 01:55:40	_pro_main_	_art_,_game_	_v3_2_	_cpp_,_cs_,_neko_,_swf_	_linux_package_,_official_,_thirdparty_	_official_	_win7_	_mac1010_	_ubuntu_	_no_mobile_
2015-10-12 02:20:49	_use_	_game_	_git_,_v3_2_	_js_	_brew_	_package_	_no_win_	_mac1010_	_no_linux_	_no_mobile_
2015-10-12 02:21:56	_use_	_game_	_v3_2_	_cpp_,_swf_	_not_sure_	_package_	_no_win_	_mac1010_	_no_linux_	_ios_
2015-10-12 02:30:12	_use_	_app_desktop_,_app_mobile_,_game_,_web_back_,_web_front_	_v3_1_,_v3_2_	_cpp_,_js_,_neko_,_php_,_python_,_swf_	_official_	_official_,_package_	_win10_,_win7_,_win8_	_no_mac_	_ubuntu_	_android_,_ios_,_windows_
2015-10-12 02:31:01	_pro_main_	_game_	_v3_1_	_as3_,_js_	_official_	_official_	_win7_	_no_mac_	_no_linux_	_android_,_ios_
2015-10-12 02:38:00	_use_	_game_	_v3_2_	_cpp_,_js_,_swf_	_official_	_official_,_package_	_win7_	_no_mac_	_debian_,_opensuse_,_ubuntu_	_no_mobile_
2015-10-12 02:41:06	_use_	_app_mobile_,_game_,_web_front_	_v3_2_	_cpp_,_js_	_linux_package_	_package_	_no_win_	_no_mac_	_arch_,_others_	_no_mobile_
2015-10-12 03:00:00	_pro_main_	_game_	_v3_2_	_js_,_swf_	_official_	_official_,_package_,_source_	_win10_	_no_mac_	_no_linux_	_no_mobile_
2015-10-12 03:38:56	_interested_	_game_	_v3_2_	_cpp_,_js_,_python_	_official_	_package_	_no_win_	_no_mac_	_arch_,_freebsd_,_openbsd_	_others_
2015-10-12 03:48:56	_pro_main_	_app_desktop_,_app_mobile_,_game_,_web_front_	_v3_2_	_cpp_,_js_,_neko_,_swf_	_official_,_thirdparty_	_official_	_win10_	_mac1010_,_mac1011_	_others_,_ubuntu_	_android_,_firefox_,_ios_,_windows_
2015-10-12 04:04:37	_use_	_app_desktop_,_game_,_not_sure_	_v3_2_	_cpp_,_js_,_neko_	_official_	_official_,_package_	_win8_	_mac1010_,_mac1011_	_mint_,_ubuntu_	_android_,_ios_
2015-10-12 04:35:15	_use_	_app_desktop_,_game_	_v3_2_	_cpp_,_swf_	_official_	_official_,_package_	_win10_,_win7_	_no_mac_	_ubuntu_	_no_mobile_
2015-10-12 05:11:51	_use_	_app_mobile_,_art_,_game_	_v3_2_	_cpp_,_interp_,_java_,_js_,_swf_	_linux_package_,_official_	_package_	_win8_	_no_mac_	_arch_	_no_mobile_
2015-10-12 05:12:59	_pro_occ_	_app_desktop_,_app_mobile_,_lib_	_v3_1_,_v3_2_	_as3_,_cpp_,_js_,_swf_	_official_	_official_	_win10_,_win8_	_no_mac_	_no_linux_	_android_,_ios_
2015-10-12 05:45:09	_use_	_app_desktop_,_app_mobile_,_game_	_v3_2_	_cpp_,_cs_,_java_,_js_,_neko_	_thirdparty_	_package_	_win10_	_no_mac_	_arch_	_no_mobile_
2015-10-12 05:52:37	_interested_	_app_desktop_,_app_mobile_,_game_,_web_front_	_not_sure_,_v3_2_	_js_	_official_	_official_,_package_	_no_win_	_mac1010_	_no_linux_	_no_mobile_
2015-10-12 05:56:36	_use_	_game_	_v3_2_	_cpp_,_neko_,_swf_	_official_	_official_,_package_	_win10_	_no_mac_	_no_linux_	_android_
2015-10-12 06:04:16	_interested_	_app_desktop_,_app_mobile_,_game_	_v3_2_	_cpp_,_js_	_official_	_official_,_package_	_win10_	_no_mac_	_freebsd_,_ubuntu_	_windows_
2015-10-12 06:52:24	_pro_main_	_game_	_v3_2_	_cpp_,_swf_	_thirdparty_	_official_	_win10_,_win8_	_no_mac_	_no_linux_	_no_mobile_
2015-10-12 06:55:57	_pro_occ_	_game_	_git_,_v3_2_	_cpp_,_neko_	_linux_package_,_source_	_package_	_no_win_	_mac1009_	_ubuntu_	_android_
2015-10-12 06:57:33	_use_	_app_desktop_,_app_mobile_,_game_,_lib_,_web_back_,_web_front_	_v3_2_	_as3_,_cpp_,_cs_,_js_,_swf_	_official_	_official_	_win10_	_mac1010_,_mac1011_	_no_linux_	_android_
2015-10-12 07:02:00	_pro_occ_	_app_desktop_,_app_mobile_,_game_,_lib_,_web_back_,_web_front_	_v3_2_	_cpp_,_java_,_js_,_neko_,_php_,_swf_	_choco_,_official_	_official_,_package_	_win10_,_win7_,_win8_	_no_mac_	_ubuntu_	_android_,_ios_
2015-10-12 07:22:56	_pro_main_	_app_desktop_,_lib_	_v3_2_	_js_,_neko_,_php_	_thirdparty_	_official_	_no_win_	_no_mac_	_ubuntu_	_android_,_firefox_,_tizen_,_windows_
2015-10-12 07:31:46	_use_	_app_mobile_,_game_	_v3_2_	_java_,_neko_,_swf_	_thirdparty_	_official_	_no_win_	_no_mac_	_ubuntu_	_no_mobile_
2015-10-12 07:51:44	_interested_	_game_,_web_front_	_v3_2_	_cpp_,_js_,_swf_	_official_	_official_	_win7_	_mac1011_	_ubuntu_	_no_mobile_
2015-10-12 07:52:09	_pro_occ_	_app_desktop_,_app_mobile_,_game_,_lib_	_git_,_v3_2_	_cpp_,_java_,_js_	_official_,_others_	_others_,_package_	_no_win_	_mac1010_	_ubuntu_	_android_,_ios_,_windows_
2015-10-12 08:00:02	_use_	_app_desktop_,_app_mobile_,_game_,_lib_,_not_sure_	_git_,_v3_2_	_cpp_,_cs_,_java_,_js_,_neko_,_php_	_linux_package_,_official_,_source_	_package_	_others_,_win10_	_no_mac_	_debian_,_ubuntu_	_android_,_windows_
2015-10-12 08:07:16	_use_	_art_,_lib_	_not_sure_	_cpp_	_official_	_official_,_package_	_win7_	_no_mac_	_no_linux_	_no_mobile_
2015-10-12 08:21:04	_interested_	_game_,_web_back_,_web_front_	_v3_2_	_cs_,_js_,_neko_	_linux_package_,_official_	_official_,_package_	_win10_,_win8_	_no_mac_	_arch_,_ubuntu_	_no_mobile_
2015-10-12 09:13:58	_pro_main_	_game_,_lib_,_web_back_,_web_front_	_v3_2_	_js_	_official_	_package_,_source_	_no_win_	_mac1010_	_ubuntu_	_android_,_ios_
2015-10-12 09:37:54	_use_	_game_	_v3_1_	_cpp_,_js_	_official_	_official_	_win7_	_no_mac_	_no_linux_	_android_
2015-10-12 11:15:25	_pro_occ_	_game_	_v3_2_	_js_,_swf_	_choco_,_official_	_official_,_package_	_win10_,_win8_	_no_mac_	_no_linux_	_no_mobile_
2015-10-12 11:18:01	_pro_occ_	_app_desktop_,_app_mobile_,_game_,_lib_	_v3_2_	_cpp_,_cs_,_java_,_js_,_swf_	_official_	_official_	_win7_,_win8_	_mac1010_,_mac1011_	_arch_,_fedora_,_ubuntu_	_android_,_ios_,_windows_
2015-10-12 12:20:09	_pro_main_	_app_desktop_,_app_mobile_,_game_	_git_,_v3_2_	_cpp_,_js_,_swf_	_official_	_official_	_win10_,_win8_	_no_mac_	_no_linux_	_android_,_ios_
2015-10-12 12:53:49	_pro_occ_	_game_	_v3_2_	_cpp_,_js_	_brew_	_official_	_no_win_	_mac1010_,_mac1011_	_no_linux_	_android_,_ios_
2015-10-12 12:54:28	_pro_main_	_app_desktop_,_app_mobile_,_game_,_lib_	_v3_0_,_v3_1_,_v3_2_	_cpp_,_js_,_neko_,_swf_	_official_	_official_,_package_	_win10_,_win8_	_no_mac_	_ubuntu_	_android_,_ios_
2015-10-12 13:46:20	_use_	_app_desktop_,_app_mobile_,_lib_,_web_back_,_web_front_	_v3_2_	_cpp_,_interp_,_js_,_neko_,_php_,_python_	_linux_package_,_not_sure_	_package_	_no_win_	_no_mac_	_ubuntu_	_android_,_firefox_,_ios_
2015-10-12 14:31:01	_interested_	_game_	_v3_2_	_cpp_,_neko_	_thirdparty_	_official_,_package_	_win7_	_no_mac_	_ubuntu_	_android_,_ios_
2015-10-12 14:52:44	_use_	_game_	_v3_2_	_cpp_,_js_,_neko_	_official_	_official_,_package_	_no_win_	_no_mac_	_opensuse_	_no_mobile_
2015-10-12 15:18:31	_pro_main_	_app_desktop_,_app_mobile_,_game_,_lib_,_web_back_,_web_front_	_v3_2_	_cpp_,_cs_,_interp_,_java_,_js_,_neko_,_php_	_linux_package_,_official_,_source_	_package_	_win7_	_no_mac_	_others_	_no_mobile_
2015-10-12 15:31:18	_use_	_web_front_	_v3_2_	_cpp_,_js_	_official_	_official_,_package_	_win7_	_no_mac_	_debian_,_ubuntu_	_no_mobile_
2015-10-12 15:31:37	_interested_	_app_desktop_,_app_mobile_,_lib_,_web_back_,_web_front_	_v3_2_	_as3_,_cpp_,_java_,_js_	_official_	_package_	_win10_,_win7_,_win8_	_mac1010_,_mac1011_	_debian_,_ubuntu_	_android_,_ios_
2015-10-12 15:59:11	_interested_	_game_	_v3_2_	_cpp_,_cs_,_js_	_official_	_official_	_win10_	_no_mac_	_no_linux_	_no_mobile_
2015-10-12 16:23:15	_use_	_game_	_v3_1_,_v3_2_	_cpp_,_js_,_swf_	_choco_,_official_	_package_	_win7_	_no_mac_	_no_linux_	_android_
2015-10-12 16:27:02	_use_	_others_	_v3_2_	_js_,_neko_	_official_	_official_	_win10_	_no_mac_	_no_linux_	_android_,_ios_
2015-10-12 16:30:00	_interested_	_game_	_v3_2_	_cpp_,_cs_,_js_	_official_	_official_	_win10_	_no_mac_	_no_linux_	_no_mobile_
2015-10-12 16:32:24	_pro_main_	_app_desktop_,_app_mobile_,_art_,_lib_,_web_back_,_web_front_	_git_,_v2_,_v3_0_,_v3_1_,_v3_2_	_as3_,_cpp_,_java_,_js_,_neko_,_php_,_swf_	_binary_archive_,_source_	_package_,_source_	_no_win_	_no_mac_	_debian_,_ubuntu_	_no_mobile_
2015-10-12 16:34:38	_pro_main_	_game_,_web_back_,_web_front_	_git_,_v3_2_	_cpp_,_cs_,_js_,_neko_,_swf_	_official_,_source_,_thirdparty_	_package_	_no_win_	_no_mac_	_arch_,_debian_	_no_mobile_
2015-10-12 16:40:42	_pro_main_	_app_mobile_,_game_	_v3_2_	_cpp_,_cs_,_js_,_neko_,_swf_	_official_	_official_,_package_	_win7_	_no_mac_	_no_linux_	_android_,_ios_,_windows_
2015-10-12 16:44:26	_pro_main_	_app_mobile_,_game_,_lib_,_web_back_	_v3_2_	_cpp_,_js_,_neko_,_php_,_swf_	_official_	_official_	_no_win_	_mac1010_,_mac1011_	_no_linux_	_no_mobile_
2015-10-12 16:52:21	_pro_occ_	_game_,_lib_	_v3_2_	_js_	_official_	_official_,_package_	_win10_,_win7_	_mac1010_,_mac1011_	_ubuntu_	_android_,_ios_,_windows_
2015-10-12 17:07:35	_use_	_app_desktop_,_game_,_lib_	_v3_2_	_cpp_,_java_,_js_,_neko_,_swf_	_official_	_official_	_win7_	_no_mac_	_ubuntu_	_android_
2015-10-12 17:37:47	_use_	_game_	_v3_2_	_cpp_,_js_,_php_,_swf_	_official_	_official_,_package_	_no_win_	_mac1010_,_mac1011_	_no_linux_	_no_mobile_
2015-10-12 17:56:13	_use_	_game_,_web_front_	_v3_2_	_js_	_official_	_official_	_win7_	_no_mac_	_no_linux_	_no_mobile_
2015-10-12 18:00:53	_pro_main_	_app_mobile_,_game_	_v3_2_	_cpp_,_java_,_neko_,_php_,_swf_	_official_	_official_,_package_	_win7_	_no_mac_	_ubuntu_	_no_mobile_
2015-10-12 18:13:02	_use_	_app_desktop_,_game_,_lib_,_not_sure_	_git_,_v3_2_	_cpp_,_js_,_swf_	_official_,_thirdparty_	_official_	_win10_,_win8_	_no_mac_	_no_linux_	_no_mobile_
2015-10-12 18:43:52	_use_	_app_mobile_,_game_,_web_front_	_not_sure_	_cpp_,_cs_,_java_,_js_	_linux_package_,_official_	_official_,_package_	_win7_,_win8_	_no_mac_	_debian_,_gentoo_	_android_
2015-10-12 18:48:04	_use_	_app_desktop_,_app_mobile_,_art_,_game_,_hardware_,_lib_,_web_back_,_web_front_	_v3_2_	_cpp_,_cs_,_java_,_js_,_neko_	_official_	_official_,_package_,_source_	_win7_	_mac1010_	_debian_,_ubuntu_	_android_,_ios_,_windows_
2015-10-12 18:54:09	_pro_main_	_game_	_v3_1_	_cpp_,_cs_,_swf_	_official_	_official_,_package_	_win10_,_win8_	_no_mac_	_no_linux_	_android_,_ios_
2015-10-12 19:02:06	_use_	_app_mobile_,_art_,_game_	_v3_2_	_as3_,_js_,_swf_	_thirdparty_	_package_	_win8_	_no_mac_	_ubuntu_	_android_
2015-10-12 19:09:06	_interested_	_app_desktop_,_app_mobile_,_hardware_,_lib_,_web_back_,_web_front_	_v3_2_	_cpp_,_js_,_neko_	_others_	_official_,_package_	_no_win_	_no_mac_	_arch_,_opensuse_,_others_	_firefox_,_others_
2015-10-12 19:15:09	_use_	_game_	_v3_2_	_cpp_,_js_,_swf_	_official_	_official_,_package_,_source_	_win10_	_no_mac_	_arch_,_debian_	_android_
2015-10-12 19:45:30	_interested_	_game_	_v3_2_	_cpp_,_cs_,_java_	_official_	_official_	_win10_	_no_mac_	_ubuntu_	_windows_
2015-10-12 20:00:52	_use_	_game_	_v3_1_	_neko_	_thirdparty_	_official_	_win7_	_no_mac_	_no_linux_	_android_,_ios_
2015-10-12 20:12:36	_use_	_game_	_v3_1_	_neko_	_thirdparty_	_official_	_win7_	_no_mac_	_no_linux_	_android_,_ios_
2015-10-12 20:13:54	_use_	_game_	_v3_1_	_neko_	_thirdparty_	_official_	_win7_	_no_mac_	_no_linux_	_android_,_ios_
2015-10-12 20:14:29	_use_	_game_	_v3_1_	_neko_	_thirdparty_	_official_	_win7_	_no_mac_	_no_linux_	_android_,_ios_
2015-10-12 20:34:21	_use_	_game_,_web_back_,_web_front_	_v3_2_	_interp_,_js_,_neko_	_official_	_others_	_win10_,_win8_	_no_mac_	_no_linux_	_windows_
2015-10-12 21:47:02	_pro_main_	_game_	_v3_2_	_as3_,_js_,_swf_	_official_	_official_,_package_	_win8_	_no_mac_	_no_linux_	_no_mobile_
2015-10-12 22:34:25	_pro_main_	_app_desktop_,_app_mobile_,_art_,_game_,_others_	_v3_2_	_cpp_,_js_,_neko_,_swf_	_official_	_official_,_package_,_preinstall_	_win10_,_win7_	_no_mac_	_others_	_android_,_ios_,_windows_
2015-10-12 22:36:03	_interested_	_app_desktop_,_app_mobile_,_game_	_v3_2_	_cpp_,_python_	_linux_package_,_official_	_package_	_win10_	_no_mac_	_opensuse_,_ubuntu_	_android_,_ios_,_windows_
2015-10-12 23:43:54	_use_	_app_desktop_,_game_	_v3_1_	_as3_,_neko_,_swf_	_thirdparty_	_package_	_no_win_	_no_mac_	_ubuntu_	_no_mobile_
2015-10-13 00:02:25	_pro_occ_	_game_	_not_sure_	_cpp_,_java_,_js_,_swf_	_official_	_official_	_win7_	_mac1010_	_no_linux_	_android_,_ios_
2015-10-13 01:47:07	_interested_	_app_desktop_,_app_mobile_,_art_,_game_,_lib_	_v3_2_	_cpp_,_js_	_official_	_official_,_package_	_win10_	_mac1011_	_ubuntu_	_android_
2015-10-13 01:57:08	_pro_occ_	_app_desktop_,_app_mobile_,_game_,_web_back_,_web_front_	_v3_2_	_cpp_,_js_,_php_	_official_,_thirdparty_	_package_	_win10_	_no_mac_	_ubuntu_	_no_mobile_
2015-10-13 03:27:40	_use_	_app_desktop_,_app_mobile_,_game_,_lib_	_v3_2_	_cpp_,_cs_,_swf_	_official_	_official_	_win7_	_no_mac_	_no_linux_	_android_
2015-10-13 04:12:43	_interested_	_app_desktop_,_app_mobile_,_game_,_web_back_,_web_front_	_not_sure_	_cpp_,_cs_,_js_,_python_	_not_sure_	_package_	_no_win_	_no_mac_	_ubuntu_	_android_,_no_mobile_
2015-10-13 04:19:33	_use_	_app_desktop_,_app_mobile_,_game_,_web_back_,_web_front_	_v3_2_	_as3_,_cpp_,_js_,_neko_	_official_	_official_,_package_	_no_win_	_mac1010_,_mac1011_	_debian_,_ubuntu_	_firefox_,_ios_
2015-10-13 04:43:00	_pro_occ_	_game_,_web_back_	_v3_2_	_cpp_,_js_	_brew_	_package_	_no_win_	_mac1010_,_mac1011_	_no_linux_	_android_,_ios_
2015-10-13 05:01:45	_pro_occ_	_game_	_v3_2_	_cpp_,_js_,_neko_	_thirdparty_	_package_	_no_win_	_no_mac_	_ubuntu_	_android_
2015-10-13 05:38:08	_interested_	_others_	_not_sure_	_as3_,_cpp_,_java_,_js_,_swf_	_not_sure_	_package_	_no_win_	_no_mac_	_opensuse_	_android_
2015-10-13 07:33:20	_use_	_app_desktop_,_app_mobile_,_web_back_,_web_front_	_v3_2_	_interp_,_js_,_neko_,_php_,_swf_	_official_	_official_,_package_	_win8_	_no_mac_	_arch_,_ubuntu_	_android_,_blackberry_
2015-10-13 07:41:19	_use_	_app_desktop_,_app_mobile_,_game_	_v3_1_	_cpp_,_interp_,_java_,_neko_	_official_	_official_,_package_	_no_win_	_no_mac_	_ubuntu_	_android_,_firefox_,_tizen_
2015-10-13 08:56:01	_use_	_app_mobile_,_game_,_lib_	_git_	_cpp_,_java_,_js_,_python_	_source_	_package_,_source_	_no_win_	_no_mac_	_arch_	_android_,_firefox_
2015-10-13 12:00:45	_interested_	_game_	_git_,_v3_2_	_cpp_,_js_,_neko_	_brew_	_package_	_no_win_	_mac1011_	_ubuntu_	_android_,_ios_
2015-10-13 13:39:22	_use_	_app_desktop_,_game_	_v3_2_	_neko_,_swf_	_official_	_official_	_win10_,_win8_	_no_mac_	_no_linux_	_android_
2015-10-13 15:33:41	_use_	_app_desktop_,_app_mobile_,_game_,_lib_,_web_front_	_v3_2_	_cpp_,_java_,_js_,_neko_	_source_	_package_	_no_win_	_mac1011_	_arch_	_android_,_ios_
2015-10-13 16:03:49	_pro_occ_	_app_desktop_,_app_mobile_,_art_,_game_,_lib_,_web_back_,_web_front_	_v3_2_	_as3_,_cpp_,_js_,_neko_,_php_,_swf_	_official_,_thirdparty_	_package_	_win7_	_mac1010_	_debian_,_ubuntu_	_android_,_ios_
2015-10-13 16:31:14	_use_	_app_desktop_,_app_mobile_,_game_	_v3_2_	_cpp_,_cs_,_java_,_js_,_swf_	_thirdparty_	_official_,_package_	_win8_,_winxp_	_no_mac_	_ubuntu_	_android_,_no_mobile_
2015-10-13 17:48:05	_pro_main_	_app_desktop_,_app_mobile_,_web_back_,_web_front_	_v3_2_	_as3_,_js_,_neko_,_php_,_swf_	_official_	_official_	_no_win_	_mac1010_	_no_linux_	_android_
2015-10-13 18:55:54	_pro_main_	_game_	_v3_2_	_cpp_,_js_,_swf_	_official_	_official_	_no_win_	_mac1011_	_no_linux_	_no_mobile_
2015-10-13 18:58:15	_interested_	_app_desktop_,_app_mobile_	_not_sure_	_java_,_js_,_neko_	_official_	_official_,_package_	_no_win_	_no_mac_	_ubuntu_	_android_,_ios_
2015-10-13 19:02:03	_pro_main_	_app_mobile_,_game_,_lib_,_web_front_	_v3_2_	_cpp_,_js_	_official_	_official_	_win7_	_mac1010_,_mac1011_	_no_linux_	_ios_
2015-10-13 22:50:26	_pro_main_	_app_desktop_,_app_mobile_,_game_	_v3_2_	_as3_,_cpp_,_cs_,_js_,_neko_,_swf_	_official_	_official_	_win10_	_mac1010_,_mac1011_	_ubuntu_	_android_,_ios_,_others_,_windows_
2015-10-14 00:41:27	_use_	_art_,_game_	_v3_2_	_cpp_,_js_,_neko_,_swf_	_official_,_thirdparty_	_official_,_package_	_win10_	_no_mac_	_debian_,_opensuse_	_android_
2015-10-14 04:24:38	_interested_	_app_desktop_,_app_mobile_,_game_	_v3_1_	_swf_	_official_	_official_	_win10_,_win7_	_no_mac_	_no_linux_	_android_,_ios_
2015-10-14 04:28:47	_use_	_app_mobile_,_game_,_others_	_v3_2_	_cpp_,_java_,_neko_	_official_	_official_	_win10_	_mac1011_	_no_linux_	_no_mobile_
2015-10-14 06:36:15	_use_	_game_	_v3_2_	_cpp_	_not_sure_	_package_	_win10_	_no_mac_	_mint_,_ubuntu_	_no_mobile_
2015-10-14 11:00:44	_pro_occ_	_app_desktop_,_game_	_v3_1_	_java_,_neko_	_official_	_official_	_no_win_	_mac1010_	_debian_,_ubuntu_	_android_,_ios_
2015-10-14 15:51:32	_pro_main_	_app_desktop_,_app_mobile_,_game_,_lib_	_v3_2_	_cpp_,_cs_,_js_,_swf_	_official_	_official_,_package_	_win10_	_mac1011_	_redhat_,_ubuntu_	_android_,_ios_,_windows_
2015-10-14 16:45:46	_pro_occ_	_app_desktop_,_game_,_lib_,_web_front_	_v3_2_	_as3_,_cpp_,_js_,_swf_	_official_	_official_	_win10_,_win7_	_no_mac_	_no_linux_	_no_mobile_
2015-10-14 17:01:50	_use_	_app_mobile_,_game_	_v3_2_	_cpp_,_js_	_official_,_source_	_package_,_source_	_no_win_	_mac1010_	_ubuntu_	_no_mobile_
2015-10-14 17:20:10	_pro_main_	_game_	_v3_0_,_v3_1_,_v3_2_	_cpp_,_js_,_swf_	_brew_	_package_	_win8_	_mac1010_,_mac1011_	_no_linux_	_android_,_ios_
2015-10-14 18:00:17	_pro_main_	_web_back_,_web_front_	_v3_2_	_js_,_neko_	_official_	_official_	_win10_	_no_mac_	_no_linux_	_no_mobile_
2015-10-14 19:11:52	_use_	_game_	_v3_2_	_cpp_,_js_,_swf_	_official_	_official_,_package_	_win8_	_no_mac_	_no_linux_	_android_,_ios_
2015-10-14 20:02:21	_use_	_app_desktop_,_app_mobile_,_game_,_lib_,_web_back_,_web_front_	_v3_2_	_as3_,_cpp_,_java_,_js_,_swf_	_official_	_official_	_no_win_	_mac1010_	_no_linux_	_android_,_ios_,_windows_
2015-10-14 20:13:42	_use_	_app_desktop_,_app_mobile_,_lib_,_web_front_	_v3_2_	_cpp_,_cs_,_interp_,_java_,_js_,_neko_,_php_,_python_	_official_	_others_,_package_	_no_win_	_no_mac_	_mint_,_ubuntu_	_no_mobile_
2015-10-14 20:37:48	_use_	_app_desktop_,_app_mobile_,_game_,_lib_	_v3_2_	_cpp_,_cs_,_swf_	_official_	_official_	_win7_	_no_mac_	_no_linux_	_android_
2015-10-14 21:16:32	_pro_main_	_app_mobile_,_game_,_lib_,_web_back_,_web_front_	_git_,_v3_2_	_cpp_,_js_,_swf_	_linux_package_,_source_	_package_,_source_	_no_win_	_no_mac_	_arch_	_android_
2015-10-14 21:19:56	_use_	_game_	_v3_0_,_v3_1_,_v3_2_	_cpp_,_js_,_swf_	_official_	_official_,_package_,_source_	_win10_,_win7_,_win8_	_no_mac_	_no_linux_	_android_,_windows_
2015-10-14 23:17:20	_use_	_app_desktop_,_art_	_v3_2_	_cpp_	_linux_package_,_official_	_official_,_package_	_no_win_	_mac1010_	_ubuntu_	_no_mobile_
2015-10-15 04:15:09	_use_	_app_desktop_,_app_mobile_,_game_,_lib_	_v3_1_	_as3_,_cpp_,_interp_,_js_,_swf_	_official_	_package_	_no_win_	_mac1010_	_no_linux_	_android_,_ios_
2015-10-15 13:21:39	_interested_	_app_desktop_,_app_mobile_,_art_,_game_,_not_sure_	_v3_1_	_cpp_,_neko_,_swf_	_official_	_official_	_win7_	_no_mac_	_no_linux_	_android_,_ios_
2015-10-15 20:44:59	_use_	_app_desktop_,_app_mobile_,_game_,_lib_	_git_,_v3_2_	_cpp_,_cs_,_neko_,_python_,_swf_	_official_,_source_	_package_	_win10_,_winxp_	_no_mac_	_mint_	_no_mobile_
2015-10-15 21:15:51	_use_	_app_mobile_,_game_,_lib_,_web_back_,_web_front_	_v3_2_	_cpp_,_js_,_neko_,_swf_	_official_	_official_,_package_	_win10_,_win7_	_no_mac_	_no_linux_	_no_mobile_
2015-10-15 22:59:48	_pro_main_	_game_	_v3_1_	_cpp_,_swf_	_official_	_official_	_win7_	_mac1010_	_no_linux_	_android_
2015-10-16 01:12:19	_pro_main_	_app_desktop_,_game_	_v3_1_,_v3_2_	_cpp_,_js_,_neko_	_official_	_official_,_package_	_win8_	_no_mac_	_ubuntu_	_android_,_ios_,_windows_
2015-10-16 02:02:43	_interested_	_app_desktop_,_app_mobile_,_lib_,_web_back_,_web_front_	_v3_2_	_cpp_,_js_	_official_	_official_	_win8_	_no_mac_	_ubuntu_	_android_,_ios_,_windows_
2015-10-16 05:09:07	_pro_occ_	_app_desktop_,_app_mobile_,_game_,_web_back_,_web_front_	_v3_1_,_v3_2_	_cpp_,_js_,_neko_	_brew_	_official_,_package_,_source_	_no_win_	_mac1010_,_mac1011_	_ubuntu_	_no_mobile_
2015-10-16 21:56:33	_use_	_app_mobile_,_game_	_v3_1_	_cpp_,_swf_	_official_	_official_,_package_	_no_win_	_mac1010_	_no_linux_	_android_,_ios_
2015-10-17 01:57:48	_pro_occ_	_app_desktop_,_app_mobile_,_game_,_web_back_,_web_front_	_git_,_v3_1_,_v3_2_	_cpp_,_js_,_neko_,_php_,_swf_	_source_	_package_,_source_	_win7_	_mac1009_	_arch_,_ubuntu_	_no_mobile_
2015-10-17 06:35:31	_pro_occ_	_app_desktop_,_web_front_	_not_sure_	_cpp_,_js_,_neko_	_thirdparty_	_official_,_package_	_win8_	_no_mac_	_ubuntu_	_no_mobile_
2015-10-17 17:20:39	_pro_main_	_game_	_v3_2_	_as3_,_cpp_,_java_,_js_,_neko_,_php_,_swf_	_official_	_official_	_win7_	_mac1008_	_no_linux_	_no_mobile_
2015-10-17 22:26:31	_pro_main_	_game_,_not_sure_	_v3_2_	_cpp_,_java_	_official_	_official_	_no_win_	_mac1011_	_no_linux_	_no_mobile_
2015-10-17 22:58:23	_pro_occ_	_game_	_v3_2_	_cpp_,_js_,_swf_	_thirdparty_	_official_	_no_win_	_no_mac_	_ubuntu_	_no_mobile_
2015-10-18 00:52:34	_use_	_game_,_web_front_	_v3_2_	_cpp_,_js_	_linux_package_	_package_	_no_win_	_no_mac_	_arch_,_others_	_no_mobile_
2015-10-18 19:22:03	_pro_occ_	_app_desktop_,_app_mobile_,_game_,_web_back_,_web_front_	_v3_2_	_cpp_,_js_,_neko_,_php_,_swf_	_official_	_official_,_source_	_win10_	_mac1010_	_no_linux_	_no_mobile_
2015-10-18 22:20:28	_pro_main_	_app_desktop_,_game_,_lib_	_v3_2_	_cpp_,_neko_,_swf_	_thirdparty_	_official_	_win10_	_no_mac_	_no_linux_	_no_mobile_
2015-10-19 10:37:57	_use_	_game_	_v3_2_	_cpp_,_js_	_official_	_official_,_package_,_source_	_win10_	_no_mac_	_debian_	_android_,_ios_
2015-10-19 22:41:56	_interested_	_app_mobile_	_v3_2_	_cpp_,_neko_,_php_	_thirdparty_	_official_,_package_	_win7_	_no_mac_	_ubuntu_	_no_mobile_
2015-10-20 14:12:38	_use_	_game_	_v3_1_,_v3_2_	_cpp_,_interp_,_java_,_neko_	_brew_,_source_,_thirdparty_	_package_	_win8_	_mac1010_,_mac1011_	_ubuntu_	_android_,_ios_
2015-10-20 14:13:34	_use_	_game_	_v3_1_,_v3_2_	_cpp_,_interp_,_java_,_neko_	_brew_,_source_,_thirdparty_	_package_	_win8_	_mac1010_,_mac1011_	_ubuntu_	_android_,_ios_
2015-10-22 21:32:30	_use_	_app_mobile_,_game_	_v3_2_	_java_	_official_	_official_,_source_	_no_win_	_mac1010_,_mac1011_	_debian_,_ubuntu_	_android_,_firefox_,_ios_
2015-10-23 20:24:12	_use_	_app_mobile_,_game_	_v3_2_	_cpp_,_neko_,_swf_	_thirdparty_	_official_	_win8_	_mac1011_	_no_linux_	_android_,_ios_
2015-10-24 16:18:16	_pro_occ_	_app_desktop_,_app_mobile_,_game_,_lib_,_others_	_v3_2_	_cpp_,_js_,_neko_	_official_	_package_	_win10_	_mac1010_,_mac1011_	_debian_,_ubuntu_	_android_,_blackberry_,_tizen_
2015-10-25 02:00:15	_interested_	_app_desktop_,_app_mobile_	_v3_2_	_cpp_,_cs_,_neko_,_swf_	_thirdparty_	_official_,_package_	_win10_	_no_mac_	_ubuntu_	_android_,_ios_,_windows_
2015-10-25 04:18:27	_interested_	_app_desktop_,_app_mobile_,_game_	_v3_2_	_cpp_,_neko_	_official_	_official_	_win8_	_no_mac_	_ubuntu_	_android_,_ios_,_windows_
2015-10-25 06:33:37	_use_	_game_	_v3_2_	_cpp_,_swf_	_official_	_official_,_package_	_no_win_	_no_mac_	_ubuntu_	_android_
